learning_rate,weight_decay,batch_size,max_epochs,conv_channels,dropout_rates,dense_size,rotation_degrees,translation_range,scale_range,loss_name,label_smoothing,val_accuracy,val_loss,best_epoch,training_time,model_size_mb
0.0005611516415334506,0.006351221010640704,98,68,"[16, 32, 64]","[0.2, 0.4]",73,30,0.17486639612006327,"[0.7637017332034828, 1.0545474901621301]",cross_entropy_ls,0.15742692948967135,0.9980392156862745,0.7397289034432056,61,459.28096199035645,0.15508651733398438
0.0007309539835912913,1.461896279370496e-05,85,31,"[64, 128, 256]","[0.2, 0.4]",329,6,0.14113172778521577,"[0.7511572371061874, 1.019515477895584]",cross_entropy_ls,0.24251920443493832,0.9976470588235294,1.0326529105504354,30,214.61402678489685,2.4540977478027344
0.0004066563313514797,2.4586032763280077e-06,93,55,"[32, 64, 128]","[0.2, 0.4]",203,18,0.13200654190149197,"[0.7554563366576581, 1.2908753883293675]",cross_entropy_ls,0.26844820512829465,0.9980392156862745,1.1074227016112383,53,371.53061294555664,0.6401100158691406
0.0015696396388661157,0.0048696409415209,25,35,"[64, 128, 256]","[0.25, 0.5]",190,19,0.0711386337462144,"[0.9406590942262119, 1.0223651931039313]",cross_entropy,0.0,0.9980392156862745,0.014438483245469922,34,269.2860200405121,2.31146240234375
0.00024970737145052745,1.0521761868451139e-06,108,77,"[32, 64, 128]","[0.3, 0.6]",343,13,0.05953375254290355,"[0.7932946965146986, 1.097554996608024]",cross_entropy,0.0,0.9976470588235294,0.011567684847190429,37,313.8026051521301,0.7154121398925781
0.0059487468132197715,7.742116473996259e-05,29,77,"[64, 128, 256]","[0.25, 0.5]",75,7,0.05471437785301014,"[0.8909231233791342, 1.0943067943228981]",cross_entropy_ls,0.07478766874466249,0.9984313725490196,0.41130696551472534,65,552.8326873779297,2.1934547424316406
0.000661859559718348,0.001052457468133564,41,26,"[64, 128, 256]","[0.3, 0.6]",424,9,0.1838838497734967,"[0.8618026725746952, 1.2422320465492187]",cross_entropy,0.0,0.9980392156862745,0.010613275683318338,25,185.30705094337463,2.5515823364257812
0.0028604390429824616,2.9589152820953114e-05,87,71,"[64, 128, 256]","[0.2, 0.4]",329,22,0.05248817433917843,"[0.8536279174897843, 1.0679487325593815]",cross_entropy,0.0,0.9988235294117647,0.008027613404902855,25,237.85221767425537,2.4540977478027344
0.007704463493598939,5.46292309882721e-05,69,63,"[64, 128, 256]","[0.25, 0.5]",67,24,0.0591981502640532,"[0.9068609803361926, 1.1302692766807894]",cross_entropy,0.0,0.9984313725490196,0.007416393853523272,38,326.925728559494,2.1852455139160156
0.008670479304752482,2.1771627185116486e-05,18,77,"[64, 128, 256]","[0.25, 0.5]",275,12,0.08670324389674133,"[0.9129336304968007, 1.1860536492619846]",cross_entropy,0.0,0.9976470588235294,0.011276640919401924,23,270.46845412254333,2.3986854553222656
0.00392649435429955,4.767692923943186e-05,77,54,"[64, 128, 256]","[0.25, 0.5]",272,25,0.05038874352384263,"[0.8887985998089446, 1.1195881921161175]",cross_entropy_ls,0.11663075843591585,0.9992156862745099,0.5813375315011716,50,362.7025320529938,2.3956069946289062
0.0016657592412071388,7.13071932784411e-06,82,53,"[16, 32, 64]","[0.2, 0.4]",282,25,0.07954517333886463,"[0.9716577622916173, 1.1709245787909253]",cross_entropy,0.0,0.9988235294117647,0.008895764659129567,48,355.557076215744,0.2164764404296875
0.004048893702057917,3.314276695987814e-05,108,48,"[64, 128, 256]","[0.25, 0.5]",431,27,0.10755774043758679,"[0.8275925016214393, 1.1295573357999031]",cross_entropy,0.0,0.9988235294117647,0.008439473174306947,27,252.45669031143188,2.558765411376953
0.0023724136087385187,4.501571612948486e-06,63,43,"[32, 64, 128]","[0.25, 0.5]",136,16,0.07118043801535262,"[0.9587442697541712, 1.1190421536642017]",cross_entropy,0.0,0.9988235294117647,0.008953071932034672,34,300.3388440608978,0.6040725708007812
0.0022592097247684005,3.449372884205658e-05,85,59,"[16, 32, 64]","[0.2, 0.4]",250,26,0.08179868248998501,"[0.8885495089607707, 1.2094161767384684]",cross_entropy,0.0,0.9988235294117647,0.008692128068651073,19,195.07824969291687,0.2070770263671875
0.003647959689412978,4.165557513572256e-06,108,45,"[16, 32, 64]","[0.2, 0.4]",318,23,0.0678962949553006,"[0.9451346275839055, 1.1147298859064587]",cross_entropy,0.0,0.9988235294117647,0.008661019438055946,20,201.45744562149048,0.22705078125
0.0013013561921323535,1.627971322865157e-06,72,37,"[16, 32, 64]","[0.2, 0.4]",248,28,0.05095357845620693,"[0.9670519286626796, 1.052406766879011]",cross_entropy,0.0,0.9984313725490196,0.009566646570096697,25,238.20298218727112,0.20648956298828125
0.0023823379047042985,4.869613232082764e-06,88,52,"[16, 32, 64]","[0.25, 0.5]",357,25,0.0971474195444565,"[0.9135702197804543, 1.1860240442444507]",cross_entropy,0.0,0.9988235294117647,0.008349051773274208,34,297.3983862400055,0.23850631713867188
0.000999217029828487,2.3065393412099844e-05,57,83,"[64, 128, 256]","[0.2, 0.4]",304,20,0.08095290393441344,"[0.7879554164920501, 1.2482599349960972]",cross_entropy_ls,0.19982380565626268,0.9988235294117647,0.876975996985155,72,569.1629302501678,2.4284439086914062
0.005130833263044888,5.2223500842040277e-05,75,62,"[64, 128, 256]","[0.2, 0.4]",155,16,0.1989858029579758,"[0.886706330492696, 1.152847904108512]",cross_entropy,0.0,0.9988235294117647,0.008513720576314988,27,248.80589890480042,2.2755470275878906
0.009636358102984235,1.2550768592239695e-05,102,69,"[32, 64, 128]","[0.3, 0.6]",264,28,0.06423359662793308,"[0.8415688753418387, 1.106322406230956]",cross_entropy_ls,0.11646238173713372,0.9988235294117647,0.5789429068565368,51,414.5426399707794,0.6729202270507812
0.0028951570809936174,0.00017365838276671845,100,70,"[16, 32, 64]","[0.25, 0.5]",224,30,0.10466489199706734,"[0.8004913130307751, 1.0686977788938372]",cross_entropy_ls,0.003997167271858365,0.9992156862745099,0.04730322365375126,45,369.9848427772522,0.19944000244140625
0.003133162431544097,4.698117937004813e-05,100,71,"[16, 32, 64]","[0.25, 0.5]",292,30,0.10631896887298266,"[0.81633909290376, 1.0765145419330504]",cross_entropy_ls,0.04423016602068948,0.9984313725490196,0.27165550928489834,71,476.13921999931335,0.21941375732421875
0.00604997682034488,1.9107212119344904e-05,83,66,"[16, 32, 64]","[0.25, 0.5]",121,23,0.07540147049484053,"[0.7414358686309057, 1.0337908840528651]",cross_entropy_ls,0.04515150913179691,0.9988235294117647,0.27635232247558295,64,444.63643288612366,0.16918563842773438
0.002943912933477317,2.766240083228651e-06,80,38,"[16, 32, 64]","[0.25, 0.5]",303,20,0.07834918175284396,"[0.8437308402718752, 1.101837244296681]",cross_entropy_ls,0.006561188707585581,0.9988235294117647,0.07019531639183269,38,263.11832904815674,0.22264480590820312
0.003858921100781887,2.8660953196330396e-05,116,47,"[64, 128, 256]","[0.25, 0.5]",469,27,0.10169678520782541,"[0.8235212045461245, 1.1241993898522704]",cross_entropy,0.0,0.9996078431372549,0.007661363980550246,25,236.46143889427185,2.597759246826172
0.0026488190126247872,7.792779633529972e-05,73,66,"[64, 128, 256]","[0.3, 0.6]",399,29,0.1022999475546854,"[0.7794141165051713, 1.2297461828598708]",cross_entropy_ls,0.06550852500293847,0.9980392156862745,0.36960610514762354,64,451.3286807537079,2.525928497314453
0.007215330468733718,1.7436442630891745e-05,44,75,"[64, 128, 256]","[0.25, 0.5]",221,23,0.1300093877082405,"[0.8543291119928945, 1.2675303390916437]",cross_entropy,0.0,0.9984313725490196,0.010246272934713417,32,302.13350892066956,2.343273162841797
0.0027146786819217074,1.4909593821486132e-05,95,64,"[64, 128, 256]","[0.3, 0.6]",306,24,0.07362709814727814,"[0.8435638177896588, 1.1527601793934643]",cross_entropy_ls,0.2200259724513351,0.9992156862745099,0.9411448394550996,61,435.0188970565796,2.4304962158203125
0.002685920338804401,1.3715110651942466e-05,83,69,"[64, 128, 256]","[0.3, 0.6]",309,24,0.07342165315173638,"[0.8406697618585279, 1.1557086492120194]",cross_entropy_ls,0.21227352822852877,0.9988235294117647,0.9169873523945902,54,442.06219506263733,2.433574676513672
0.005957417913682208,2.3334706106417725e-05,88,64,"[64, 128, 256]","[0.3, 0.6]",347,23,0.06657935876128243,"[0.9527402759591825, 1.0636615224592976]",cross_entropy_ls,0.14445562612392354,0.9992156862745099,0.686025344437244,45,373.1886851787567,2.4725685119628906
0.0032617645720056042,2.6975173630960597e-05,96,59,"[64, 128, 256]","[0.3, 0.6]",298,24,0.08262411987655832,"[0.8614314279035599, 1.0462010056150621]",cross_entropy_ls,0.1284307425759445,0.9988235294117647,0.625129198326784,58,407.340491771698,2.4222869873046875
0.0021342722058338127,1.589216398906413e-05,77,74,"[64, 128, 256]","[0.3, 0.6]",324,25,0.06268975311288721,"[0.9727373025948843, 1.023900751839846]",cross_entropy_ls,0.1746255830541962,0.9992156862745099,0.7892967996176551,66,514.2165322303772,2.4489669799804688
0.004568328428983982,5.834934124716919e-05,76,76,"[64, 128, 256]","[0.3, 0.6]",336,22,0.05047720989458596,"[0.9877798795725223, 1.0224705034219455]",cross_entropy_ls,0.16804829072658553,0.9988235294117647,0.7673781996147305,75,514.212527513504,2.4612808227539062
0.006043584704658346,1.5787399306577966e-05,89,91,"[64, 128, 256]","[0.3, 0.6]",314,26,0.06198198761175207,"[0.8809648833857914, 1.0188999017470466]",cross_entropy_ls,0.21550839318585235,0.9984313725490196,0.9268347172176137,57,455.3880252838135,2.4387054443359375
0.002301833434858843,1.1141189194905933e-05,102,78,"[64, 128, 256]","[0.3, 0.6]",351,20,0.06476637821891398,"[0.9013842250435732, 1.0282892136654462]",cross_entropy_ls,0.16579253419803586,0.9988235294117647,0.7592613983154297,78,530.4058864116669,2.476673126220703
0.0036959413576204154,9.317454852985173e-05,72,72,"[64, 128, 256]","[0.3, 0.6]",393,17,0.055453529297879285,"[0.9569978713111301, 1.0537669356042063]",cross_entropy_ls,0.24514807221080584,0.9988235294117647,1.0221980002347162,39,333.7848014831543,2.5197715759277344
0.0025996193312472562,3.7115091742257494e-05,79,68,"[64, 128, 256]","[0.3, 0.6]",328,23,0.1461897195860468,"[0.9374734231056723, 1.046934534598796]",cross_entropy_ls,0.14720349810748365,0.9980392156862745,0.6936404926402896,60,457.3169050216675,2.4530715942382812
0.004187633582306916,3.519566730099618e-05,99,57,"[16, 32, 64]","[0.2, 0.4]",279,24,0.0781235824142822,"[0.9155131517389904, 1.1095860855756454]",cross_entropy_ls,0.07878146781895073,0.9980392156862745,0.4285428208463332,56,386.0720684528351,0.21559524536132812
0.00526263577817058,1.3939211378318954e-05,114,49,"[64, 128, 256]","[0.25, 0.5]",337,26,0.09722534971773877,"[0.816385348414884, 1.1285552278624462]",cross_entropy,0.0,0.9992156862745099,0.007702325380669208,37,311.3398289680481,2.4623069763183594
0.007394204570430977,1.3578374075970152e-05,94,35,"[64, 128, 256]","[0.3, 0.6]",241,27,0.1202258316719372,"[0.8800554067207969, 1.1426444746174726]",cross_entropy_ls,0.05285055247874963,0.9984313725490196,0.3155665482259264,34,240.77923035621643,2.3637962341308594
0.004831773474936098,5.145776137427971e-06,53,42,"[32, 64, 128]","[0.25, 0.5]",181,15,0.06145231704781459,"[0.8271526331404047, 1.0984979586886547]",cross_entropy,0.0,0.9984313725490196,0.007657816799352326,25,245.8529372215271,0.6282768249511719
0.0034931498896105338,1.358512096269341e-05,81,74,"[64, 128, 256]","[0.2, 0.4]",370,10,0.07177158713524724,"[0.837055946535908, 1.1373436084273705]",cross_entropy_ls,0.17544330341078643,0.9984313725490196,0.7932197692113764,74,493.6019206047058,2.4961700439453125
0.0036281364713374718,5.275427644080805e-06,83,50,"[16, 32, 64]","[0.2, 0.4]",360,28,0.07648297390079971,"[0.8766117649793047, 1.1108711476864197]",cross_entropy_ls,0.12083265939693326,0.9984313725490196,0.5969369863528832,43,353.51234316825867,0.23938751220703125
0.004805158809325481,1.72354680816862e-05,88,44,"[32, 64, 128]","[0.25, 0.5]",325,20,0.08546649874241478,"[0.8471677139437026, 1.0829410280074936]",cross_entropy,0.0,0.9992156862745099,0.0078105817122103,36,339.3054099082947,0.7057304382324219
0.0058939887500085685,2.497919184208959e-05,78,64,"[32, 64, 128]","[0.25, 0.5]",330,27,0.08560635511204283,"[0.8459758461150744, 1.0834637380353618]",cross_entropy,0.0,0.9992156862745099,0.007656448564101833,32,326.3121042251587,0.7084197998046875
0.005892694958449202,1.782934428101794e-05,78,65,"[32, 64, 128]","[0.25, 0.5]",330,20,0.08561376914565248,"[0.8483496947886486, 1.0862986197102453]",cross_entropy,0.0,0.9988235294117647,0.008404030891784608,30,311.9049768447876,0.7084197998046875
0.008162356266193282,2.4882437748139217e-05,88,72,"[32, 64, 128]","[0.25, 0.5]",322,27,0.08162744692312246,"[0.8444796346059402, 1.0787091868194463]",cross_entropy,0.0,0.9980392156862745,0.010431917506150556,48,443.0901470184326,0.7041168212890625
0.006131613431495261,1.9046160813569475e-05,85,68,"[32, 64, 128]","[0.25, 0.5]",68,19,0.07853378914090248,"[0.8203878094650089, 1.0968196103038532]",cross_entropy,0.0,0.9984313725490196,0.008725406490217818,17,198.04030013084412,0.5674972534179688
0.005598014732156937,1.1443176083040584e-05,90,64,"[32, 64, 128]","[0.25, 0.5]",259,26,0.09515139326386655,"[0.8374544095454807, 1.0913812300302368]",cross_entropy_ls,0.06377019495298646,0.9996078431372549,0.35949667727246004,64,486.5488393306732,0.6702308654785156
0.005748668380892852,1.0514258568285433e-05,90,65,"[32, 64, 128]","[0.25, 0.5]",333,22,0.09628997771839301,"[0.8338731714895722, 1.0822343397530065]",cross_entropy_ls,0.064812214071411,0.9984313725490196,0.3649660734569325,55,502.2060983181,0.7100334167480469
0.005083392763413861,1.5776474661926622e-05,97,41,"[32, 64, 128]","[0.25, 0.5]",256,25,0.10128976948652513,"[0.8396408152175736, 1.1732679741970629]",cross_entropy_ls,0.01174041212978661,0.9988235294117647,0.10324411680301031,36,321.26180052757263,0.6686172485351562
0.004071011779129675,2.1515680146364542e-05,88,61,"[32, 64, 128]","[0.25, 0.5]",265,24,0.09373891916043493,"[0.8137176897571328, 1.0740275039142073]",cross_entropy_ls,0.08971473479320016,0.9984313725490196,0.47228198149624995,57,445.44199228286743,0.6734580993652344
0.006814943881737474,9.09035526343333e-06,95,67,"[32, 64, 128]","[0.25, 0.5]",247,26,0.0826396665214184,"[0.8558686752430456, 1.1021107768852636]",cross_entropy_ls,0.1317393492640194,0.9992156862745099,0.6355380765363282,59,493.7864730358124,0.6637763977050781
0.005551755586685366,9.143303751705914e-06,90,67,"[32, 64, 128]","[0.25, 0.5]",247,26,0.08297610886863584,"[0.8577600014202063, 1.1129025557436971]",cross_entropy_ls,0.1303032208535728,0.9992156862745099,0.6308092446888194,66,493.19537687301636,0.6637763977050781
0.006425598820160511,1.4865104064296957e-05,95,66,"[32, 64, 128]","[0.25, 0.5]",216,28,0.08133833633987188,"[0.8553906964011997, 1.112581419437405]",cross_entropy_ls,0.14232819514753114,0.9988235294117647,0.6761864832803315,63,473.8271048069,0.6471023559570312
0.004817366591554792,2.6956530415062157e-05,98,64,"[32, 64, 128]","[0.25, 0.5]",231,27,0.07352151218908325,"[0.8267692047482833, 1.0973445554730814]",cross_entropy_ls,0.10025654663816735,0.9992156862745099,0.5142460096116159,63,478.57168793678284,0.6551704406738281
0.004882334953330175,2.6569649422494187e-05,98,64,"[32, 64, 128]","[0.25, 0.5]",234,26,0.07650335667022341,"[0.8729736605287362, 1.0981570321735532]",cross_entropy_ls,0.10607281510384003,0.9988235294117647,0.5371223091611675,55,497.8405065536499,0.6567840576171875
0.004325514952851812,9.976779766970732e-06,95,67,"[32, 64, 128]","[0.25, 0.5]",263,25,0.09160250799867997,"[0.8471221611559393, 1.1135896733975543]",cross_entropy_ls,0.1388934076885562,0.9988235294117647,0.664116082238216,64,530.5884494781494,0.6723823547363281
0.007145059828802115,1.2535761720583523e-05,98,60,"[64, 128, 256]","[0.25, 0.5]",472,29,0.08519461272628817,"[0.8649713656967893, 1.091263185775385]",cross_entropy_ls,0.14750181555016034,0.9988235294117647,0.6952935493693633,54,435.77723026275635,2.6008377075195312
0.004730841198180351,2.509662289750241e-05,100,63,"[32, 64, 128]","[0.3, 0.6]",341,28,0.07140566442563055,"[0.830072987558318, 1.0001835026072907]",cross_entropy_ls,0.09894053217123655,0.9988235294117647,0.5109404886470121,55,427.8779215812683,0.7143363952636719
0.006451593480649708,7.68455324545182e-06,75,48,"[32, 64, 128]","[0.25, 0.5]",258,24,0.06864278204645806,"[0.9827726041809376, 1.1103637126828374]",cross_entropy_ls,0.056781285060827864,0.9984313725490196,0.33141400796525616,43,327.3461492061615,0.6696929931640625
0.005020017130757022,3.562338520051032e-05,55,25,"[64, 128, 256]","[0.25, 0.5]",302,27,0.07920744680858133,"[0.9573125330741791, 1.0855250546226247]",cross_entropy_ls,0.1530718245836031,0.9980392156862745,0.7260011931260427,21,181.14181089401245,2.4263916015625
0.003921840903469204,1.6587882299402608e-05,77,49,"[64, 128, 256]","[0.2, 0.4]",116,25,0.06175305438625911,"[0.8929272503306713, 1.1268675219326552]",cross_entropy,0.0,0.9988235294117647,0.009518999070091655,27,253.44785404205322,2.2355270385742188
0.003360204319100392,3.985541952285351e-06,108,43,"[16, 32, 64]","[0.2, 0.4]",316,22,0.06706288904226765,"[0.9622228317689157, 1.1232073616963665]",cross_entropy,0.0,0.9984313725490196,0.00909252784015467,30,272.53871488571167,0.22646331787109375
0.006040958943357894,1.0486586030453029e-05,82,51,"[32, 64, 128]","[0.2, 0.4]",292,24,0.07860648740727776,"[0.8094719374312022, 1.1188262854336168]",cross_entropy_ls,0.12387052020103699,0.9984313725490196,0.6065895224552529,51,345.1116557121277,0.6879806518554688
0.0045361201311173455,9.190788758684989e-06,73,66,"[64, 128, 256]","[0.3, 0.6]",249,22,0.051480295245340556,"[0.9690479674081823, 1.2310087852633624]",cross_entropy_ls,0.20600692543845617,0.9988235294117647,0.8963606200966181,62,457.991662979126,2.3720054626464844
0.0013743540149342508,2.0656730889780766e-05,50,65,"[64, 128, 256]","[0.2, 0.4]",398,21,0.07210758959348068,"[0.7804148548217619, 1.290945445707026]",cross_entropy_ls,0.20622235305293538,0.9984313725490196,0.8988562939213771,64,475.26027750968933,2.52490234375
0.005156464531343056,2.7780501783447728e-05,90,59,"[32, 64, 128]","[0.25, 0.5]",466,15,0.06280288892473351,"[0.9045131245790906, 1.0729179003235758]",cross_entropy,0.0,0.9984313725490196,0.008612611317306907,16,181.80336952209473,0.7815704345703125
0.005380132973345413,1.472625994764664e-05,98,41,"[32, 64, 128]","[0.3, 0.6]",249,28,0.06510356076235914,"[0.8241983363718082, 1.1079564552678816]",cross_entropy_ls,0.09588943047623513,0.9988235294117647,0.5046761964816673,36,282.62806606292725,0.6648521423339844
0.004872732011207818,1.2032658315801043e-05,100,65,"[32, 64, 128]","[0.3, 0.6]",277,26,0.061507237139707904,"[0.8294428073994058, 1.1013558331479698]",cross_entropy_ls,0.10651910483728252,0.9988235294117647,0.5390935446701798,57,443.35599756240845,0.6799125671386719
0.006300597015250739,1.4836624721071957e-05,108,69,"[16, 32, 64]","[0.3, 0.6]",332,26,0.05163744411583623,"[0.8394342703697321, 1.011266784720222]",cross_entropy_ls,0.08746977283652402,0.9980392156862745,0.46236222961369683,69,470.5585865974426,0.23116302490234375
0.002557361579100821,2.2620933713795494e-05,98,52,"[64, 128, 256]","[0.2, 0.4]",283,17,0.09579178386947501,"[0.966377980018571, 1.088276017238263]",cross_entropy_ls,0.055518190088157775,0.9980392156862745,0.3268586008221495,51,357.9568853378296,2.4068946838378906
0.0046489881011792826,3.8333157332955035e-05,82,69,"[16, 32, 64]","[0.25, 0.5]",126,24,0.08132371272560161,"[0.7009826765201053, 1.1144611341688717]",cross_entropy_ls,0.11838704433890576,0.9988235294117647,0.5865327131514456,53,432.8801848888397,0.170654296875
0.0072656138935325385,9.457141615027794e-06,78,63,"[64, 128, 256]","[0.3, 0.6]",96,22,0.06958787399474235,"[0.9568959338791722, 1.0140261661070593]",cross_entropy_ls,0.1925950305817889,0.9980392156862745,0.8514114406529595,53,423.76804995536804,2.2150039672851562
0.004428351901341626,2.5289464111012633e-05,103,70,"[64, 128, 256]","[0.25, 0.5]",105,27,0.06453734985815943,"[0.7408116078700088, 1.1239603008959016]",cross_entropy_ls,0.1018444680809406,0.9984313725490196,0.5210063650561314,69,470.7850215435028,2.2242393493652344
0.0029699931197612176,1.5814578995441152e-06,80,37,"[16, 32, 64]","[0.25, 0.5]",304,20,0.08260189401487873,"[0.8425179291074518, 1.0930972536643155]",cross_entropy_ls,0.061463802541493535,0.9988235294117647,0.35447159280963975,36,257.64645624160767,0.22293853759765625
0.005534963997585778,2.718895230112239e-05,77,51,"[16, 32, 64]","[0.25, 0.5]",206,28,0.08300421100440736,"[0.9114908074343709, 1.0876722214349057]",cross_entropy,0.0,0.9996078431372549,0.007262927391710874,44,345.23957085609436,0.19415283203125
0.004571168470129705,2.23154727718082e-05,78,49,"[32, 64, 128]","[0.25, 0.5]",178,28,0.09995882637489757,"[0.9028734680600264, 1.08998374687838]",cross_entropy,0.0,0.9996078431372549,0.006380555181061508,31,279.5963943004608,0.6266632080078125
0.0038634915557167857,3.7480751023629076e-05,57,46,"[32, 64, 128]","[0.25, 0.5]",201,28,0.10664188578932668,"[0.788283211481444, 1.0942705411690874]",cross_entropy,0.0,0.9984313725490196,0.008852132418653449,17,193.67657828330994,0.6390342712402344
0.00472241009552498,2.128417397892066e-05,114,48,"[64, 128, 256]","[0.2, 0.4]",252,27,0.09188477063571272,"[0.8987239743882814, 1.1017436197390433]",cross_entropy,0.0,0.9984313725490196,0.007912038484710672,31,279.55886220932007,2.3750839233398438
0.0032807292655024937,1.740868683511417e-05,94,70,"[16, 32, 64]","[0.25, 0.5]",262,18,0.1313202522667118,"[0.8355986196503131, 1.1265931823700372]",cross_entropy_ls,0.1583003054154906,0.9984313725490196,0.733732032027899,58,461.9766068458557,0.210601806640625
0.004661006205611062,0.00012472608115384032,117,59,"[64, 128, 256]","[0.25, 0.5]",331,11,0.09613181537311741,"[0.9068644340993172, 1.1135608629493474]",cross_entropy_ls,0.13355022429802763,0.9988235294117647,0.6440456355319304,59,401.12500071525574,2.4561500549316406
0.003999997699847863,1.6922561087802974e-05,121,60,"[64, 128, 256]","[0.25, 0.5]",195,29,0.09058255377393047,"[0.8321096389703605, 1.15532327103242]",cross_entropy,0.0,0.9984313725490196,0.009994959241129097,17,184.68779921531677,2.3165931701660156
0.004983506206312412,1.5736337539968333e-05,109,49,"[16, 32, 64]","[0.2, 0.4]",407,14,0.10125003652171792,"[0.8741159473514113, 1.0796211574310157]",cross_entropy_ls,0.18070786557713642,0.9988235294117647,0.8118422327088375,48,329.9063181877136,0.2531929016113281
0.003039339854470208,6.460850700474912e-06,83,41,"[32, 64, 128]","[0.25, 0.5]",222,25,0.08156401461534037,"[0.8191302747053898, 1.1986802913056855]",cross_entropy_ls,0.1543498062288006,0.9988235294117647,0.7212170661196989,41,271.34230756759644,0.65032958984375
0.00524278418896274,3.819891205749313e-06,61,50,"[16, 32, 64]","[0.2, 0.4]",157,17,0.08486634444120457,"[0.8104403672787139, 1.1181169022667101]",cross_entropy_ls,0.22070971180464286,0.9984313725490196,0.9454968836260776,50,342.3433859348297,0.17975997924804688
0.0019973221673307362,3.525301759665638e-05,81,66,"[16, 32, 64]","[0.2, 0.4]",341,27,0.06686779761472425,"[0.8518714203817098, 1.0537870989827536]",cross_entropy_ls,0.09576671434898833,0.9988235294117647,0.4966559595220229,65,439.41442465782166,0.23380661010742188
0.0023558340868225164,5.662471736660149e-05,46,72,"[16, 32, 64]","[0.25, 0.5]",325,28,0.10511666165057384,"[0.9493770569995719, 1.234632821310056]",cross_entropy,0.0,0.9988235294117647,0.009013089906288324,44,381.31758999824524,0.22910690307617188
0.004257996801134065,2.275884004397005e-05,91,43,"[32, 64, 128]","[0.2, 0.4]",302,26,0.07234319377791097,"[0.838699150280699, 1.1210312287266126]",cross_entropy,0.0,0.9992156862745099,0.008138459614860682,21,206.70100140571594,0.693359375
0.004306600798455493,2.2771945702863526e-05,91,42,"[32, 64, 128]","[0.2, 0.4]",448,26,0.07217574954661016,"[0.8378360614987208, 1.1227230394888408]",cross_entropy,0.0,0.9992156862745099,0.009285130720184087,34,279.76958775520325,0.7718887329101562
0.0034345442742398065,2.3247546088183143e-05,92,42,"[32, 64, 128]","[0.2, 0.4]",458,5,0.07253216064148146,"[0.8363293663884659, 1.1245987345584563]",cross_entropy,0.0,0.9984313725490196,0.009979741975468784,13,156.52212476730347,0.7772674560546875
0.002922812806392736,6.012319344692497e-06,58,52,"[32, 64, 128]","[0.25, 0.5]",433,27,0.0787491428014277,"[0.985642510524448, 1.133089607048011]",cross_entropy_ls,0.18648170682568618,0.9988235294117647,0.832636786629172,40,342.31769466400146,0.7638206481933594
0.0023559213011584094,7.129830351378403e-06,89,54,"[32, 64, 128]","[0.25, 0.5]",358,26,0.0961755709005653,"[0.9273595321568393, 1.1132700607440684]",cross_entropy_ls,0.2823589851882378,0.9988235294117647,1.1339795809166104,53,362.5906503200531,0.723480224609375
0.0031778227390253933,4.813929948292233e-06,95,57,"[16, 32, 64]","[0.25, 0.5]",275,26,0.05321921987752089,"[0.9134670184754549, 1.2182002694428262]",cross_entropy,0.0,0.9996078431372549,0.0070688065095715034,39,325.2344300746918,0.21442031860351562
0.003424477682026762,2.295594152314986e-05,88,40,"[32, 64, 128]","[0.25, 0.5]",289,26,0.06394323722745851,"[0.903694208937346, 1.209621084611097]",cross_entropy,0.0,0.9980392156862745,0.011021139550698446,15,168.2931616306305,0.6863670349121094
0.0036992690265951257,1.1648819717185076e-05,70,69,"[32, 64, 128]","[0.25, 0.5]",318,24,0.08281499218828141,"[0.9461374685008217, 1.0673404920878675]",cross_entropy_ls,0.11607232945506701,0.9988235294117647,0.5768381749882417,62,466.8745913505554,0.70196533203125
0.005286976647201187,1.906269777863586e-05,76,74,"[16, 32, 64]","[0.2, 0.4]",467,23,0.07962013197957506,"[0.846552860005398, 1.1046180362124642]",cross_entropy,0.0,0.9988235294117647,0.007298556061845839,37,314.56857419013977,0.2708168029785156
0.006110974632936962,6.028515213347509e-06,81,39,"[16, 32, 64]","[0.3, 0.6]",221,26,0.05001413298566557,"[0.8962599090931065, 1.0959530198377505]",cross_entropy_ls,0.14667716669982103,0.9984313725490196,0.6953382277488709,37,260.9404637813568,0.19855880737304688
0.005542147490230602,1.648725587230953e-05,75,56,"[32, 64, 128]","[0.2, 0.4]",450,25,0.06600024632906634,"[0.9999329844569976, 1.0173557751403817]",cross_entropy_ls,0.25013687418053265,0.9996078431372549,1.036677262362312,54,480.78855323791504,0.7729644775390625
0.005693169631308238,1.7135933922095906e-05,73,56,"[32, 64, 128]","[0.2, 0.4]",452,24,0.06533286461822584,"[0.9889312485671653, 1.0158545670549533]",cross_entropy_ls,0.2503979214227846,0.9984313725490196,1.0377583926331764,51,460.5771806240082,0.7740402221679688
0.004502244099600482,2.414961990646831e-05,74,69,"[32, 64, 128]","[0.2, 0.4]",450,27,0.0659306697170981,"[0.8491844223487814, 1.0229091919976894]",cross_entropy_ls,0.25662468890185347,0.9984313725490196,1.056249316252914,64,554.5499279499054,0.7729644775390625
0.003958531209309823,2.042953186430178e-05,113,56,"[32, 64, 128]","[0.2, 0.4]",196,25,0.057447518016901816,"[0.9495527082021936, 1.102557975029901]",cross_entropy_ls,0.15036946089341677,0.9992156862745099,0.7054716981859768,56,425.87037086486816,0.6363449096679688
